{
  "V_base": 0.88688,
  "meta": {
    "definition": "S = sign * max(|V_narrow-V_base|, |V_wide-V_base|) / (0.2*V_base); sign < 0 iff narrowing reduces V_dynamic",
    "delta_range_base": [
      0.1,
      0.95
    ],
    "generated_at": "2026-07-06T17:41:54.455616+00:00",
    "n_samples": 200000,
    "seed": 0
  },
  "parameters": {
    "N": {
      "S": 0.1674691051777015,
      "V_narrow": 0.916585,
      "V_wide": 0.896235,
      "delta_narrow": 0.02970499999999998,
      "delta_wide": 0.009355000000000002,
      "range_narrow": [
        3,
        9
      ],
      "range_wide": [
        2,
        11
      ]
    },
    "beta_D": {
      "S": 0.050345029767274,
      "V_narrow": 0.89316,
      "V_wide": 0.87795,
      "delta_narrow": 0.006279999999999952,
      "delta_wide": -0.008929999999999993,
      "range_narrow": [
        0.14500000000000002,
        0.905
      ],
      "range_wide": [
        0.0,
        1.095
      ]
    },
    "beta_Omega": {
      "S": 0.2239028955439296,
      "V_narrow": 0.909375,
      "V_wide": 0.847165,
      "delta_narrow": 0.022495000000000043,
      "delta_wide": -0.039715000000000056,
      "range_narrow": [
        0.07499999999999998,
        0.275
      ],
      "range_wide": [
        0.024999999999999994,
        0.32499999999999996
      ]
    },
    "beta_alpha": {
      "S": 0.023847645679234822,
      "V_narrow": 0.890545,
      "V_wide": 0.88265,
      "delta_narrow": 0.0036650000000000293,
      "delta_wide": -0.004229999999999956,
      "range_narrow": [
        0.35999999999999993,
        0.8400000000000001
      ],
      "range_wide": [
        0.23999999999999994,
        0.96
      ]
    },
    "beta_ell": {
      "S": 0.025792666426123014,
      "V_narrow": 0.89091,
      "V_wide": 0.882305,
      "delta_narrow": 0.004029999999999978,
      "delta_wide": -0.004574999999999996,
      "range_narrow": [
        0.13999999999999996,
        0.46
      ],
      "range_wide": [
        0.06,
        0.54
      ]
    },
    "beta_kappa": {
      "S": 0.0487382734981058,
      "V_narrow": 0.89018,
      "V_wide": 0.878235,
      "delta_narrow": 0.0032999999999999696,
      "delta_wide": -0.008645000000000014,
      "range_narrow": [
        0.75,
        2.75
      ],
      "range_wide": [
        0.25,
        3.25
      ]
    },
    "delta": {
      "S": 0.11904090745083887,
      "V_narrow": 0.89819,
      "V_wide": 0.865765,
      "delta_narrow": 0.011310000000000042,
      "delta_wide": -0.021114999999999995,
      "range_narrow": [
        0.185,
        0.865
      ],
      "range_wide": [
        0.015000000000000013,
        1.0
      ]
    },
    "q_detect": {
      "S": 0.005130344578747781,
      "V_narrow": 0.88712,
      "V_wide": 0.88597,
      "delta_narrow": 0.00024000000000001798,
      "delta_wide": -0.0009099999999999664,
      "range_narrow": [
        0.03,
        0.27
      ],
      "range_wide": [
        0.0,
        0.32999999999999996
      ]
    }
  }
}
