{
  "V_base": 0.958165,
  "meta": {
    "definition": "S = sign * max(|V_narrow-V_base|, |V_wide-V_base|) / (0.2*V_base); sign < 0 iff narrowing reduces V_dynamic",
    "delta_range_base": [
      0.1,
      0.95
    ],
    "generated_at": "2026-07-16T21:44:54.581355+00:00",
    "n_samples": 200000,
    "seed": 0
  },
  "parameters": {
    "N": {
      "S": 0.052470086049897065,
      "V_narrow": 0.96822,
      "V_wide": 0.96037,
      "delta_narrow": 0.010054999999999925,
      "delta_wide": 0.0022049999999999015,
      "range_narrow": [
        3,
        9
      ],
      "range_wide": [
        2,
        11
      ]
    },
    "beta_D": {
      "S": 0.03765009158130427,
      "V_narrow": 0.963595,
      "V_wide": 0.95095,
      "delta_narrow": 0.005429999999999935,
      "delta_wide": -0.0072150000000000825,
      "range_narrow": [
        0.14500000000000002,
        0.905
      ],
      "range_wide": [
        0.0,
        1.095
      ]
    },
    "beta_Omega": {
      "S": 0.09739971716771141,
      "V_narrow": 0.966945,
      "V_wide": 0.9395,
      "delta_narrow": 0.00878000000000001,
      "delta_wide": -0.018665000000000043,
      "range_narrow": [
        0.07499999999999998,
        0.275
      ],
      "range_wide": [
        0.024999999999999994,
        0.32499999999999996
      ]
    },
    "beta_alpha": {
      "S": 0.018316260769283017,
      "V_narrow": 0.961355,
      "V_wide": 0.954655,
      "delta_narrow": 0.003189999999999915,
      "delta_wide": -0.003510000000000013,
      "range_narrow": [
        0.35999999999999993,
        0.8400000000000001
      ],
      "range_wide": [
        0.23999999999999994,
        0.96
      ]
    },
    "beta_ell": {
      "S": 0.0103322496647242,
      "V_narrow": 0.95978,
      "V_wide": 0.956185,
      "delta_narrow": 0.001614999999999922,
      "delta_wide": -0.001980000000000093,
      "range_narrow": [
        0.13999999999999996,
        0.46
      ],
      "range_wide": [
        0.06,
        0.54
      ]
    },
    "beta_kappa": {
      "S": 0.012889220541347696,
      "V_narrow": 0.95994,
      "V_wide": 0.955695,
      "delta_narrow": 0.001774999999999971,
      "delta_wide": -0.0024700000000000832,
      "range_narrow": [
        0.75,
        2.75
      ],
      "range_wide": [
        0.25,
        3.25
      ]
    },
    "delta": {
      "S": 0.13327558405911302,
      "V_narrow": 0.972605,
      "V_wide": 0.932625,
      "delta_narrow": 0.014440000000000008,
      "delta_wide": -0.025540000000000007,
      "range_narrow": [
        0.185,
        0.865
      ],
      "range_wide": [
        0.015000000000000013,
        1.0
      ]
    },
    "q_detect": {
      "S": 0.0038615478544930873,
      "V_narrow": 0.95833,
      "V_wide": 0.957425,
      "delta_narrow": 0.00016499999999997073,
      "delta_wide": -0.0007400000000000739,
      "range_narrow": [
        0.03,
        0.27
      ],
      "range_wide": [
        0.0,
        0.32999999999999996
      ]
    }
  }
}
