{
  "meta": {
    "generated_at": "2026-07-06T17:41:53.278889+00:00",
    "note": "Corrected model, perfect-monitoring baseline (q_detect pinned to 0).",
    "seed": 0
  },
  "metrics": {
    "prior": {
      "families": {},
      "n_samples": 200000,
      "name": "uniform_q0",
      "ranges": {
        "N": [
          2,
          10
        ],
        "beta_D": [
          0.05,
          1.0
        ],
        "beta_Omega": [
          0.05,
          0.3
        ],
        "beta_alpha": [
          0.3,
          0.9
        ],
        "beta_ell": [
          0.1,
          0.5
        ],
        "beta_kappa": [
          0.5,
          3.0
        ],
        "delta": [
          0.1,
          0.95
        ],
        "q_detect": [
          0.0,
          0.0
        ]
      },
      "seed": 0
    },
    "quantiles": {
      "c1_margin": {
        "mean": 1.8253042362070462,
        "q05": 0.5528378753450568,
        "q50": 1.8244120903817604,
        "q95": 3.095861023597837,
        "std": 0.793213486633011
      },
      "c2_margin": {
        "mean": 0.1109197755599985,
        "q05": -0.030193730516231105,
        "q50": 0.11179763406938648,
        "q95": 0.24354803278847542,
        "std": 0.08601470502588168
      },
      "delta_margin": {
        "mean": 0.48252074321457444,
        "q05": 0.09887061327910865,
        "q50": 0.48235553013216365,
        "q95": 0.8854449029364828,
        "std": 0.25540666238105014
      },
      "s_dynamic": {
        "mean": 0.10309778969328223,
        "q05": -0.03956009908779885,
        "q50": 0.10406432443537487,
        "q95": 0.2378803343415776,
        "std": 0.08584314663226195
      },
      "s_static": {
        "mean": 0.11051033515851295,
        "q05": -0.030666713985814293,
        "q50": 0.11133561214802115,
        "q95": 0.24330514887524543,
        "std": 0.08603995783671663
      }
    },
    "volume": {
      "V_C1": 0.999055,
      "V_C1_dynamic": 0.98475,
      "V_C2": 0.90765,
      "V_dynamic": 0.893215,
      "V_static": 0.906805
    }
  },
  "volume_by_N": {
    "10": {
      "V_C1": 0.99916,
      "V_C1_dynamic": 0.98486,
      "V_C2": 1.0,
      "V_dynamic": 0.9844,
      "V_static": 0.99916
    },
    "2": {
      "V_C1": 0.99916,
      "V_C1_dynamic": 0.98486,
      "V_C2": 0.5995,
      "V_dynamic": 0.5901,
      "V_static": 0.59902
    },
    "3": {
      "V_C1": 0.99916,
      "V_C1_dynamic": 0.98486,
      "V_C2": 0.79676,
      "V_dynamic": 0.7839,
      "V_static": 0.7961
    },
    "4": {
      "V_C1": 0.99916,
      "V_C1_dynamic": 0.98486,
      "V_C2": 0.8877,
      "V_dynamic": 0.87364,
      "V_static": 0.88694
    },
    "5": {
      "V_C1": 0.99916,
      "V_C1_dynamic": 0.98486,
      "V_C2": 0.93824,
      "V_dynamic": 0.92354,
      "V_static": 0.93742
    },
    "6": {
      "V_C1": 0.99916,
      "V_C1_dynamic": 0.98486,
      "V_C2": 0.9671,
      "V_dynamic": 0.95202,
      "V_static": 0.96628
    },
    "7": {
      "V_C1": 0.99916,
      "V_C1_dynamic": 0.98486,
      "V_C2": 0.98454,
      "V_dynamic": 0.96916,
      "V_static": 0.98372
    },
    "8": {
      "V_C1": 0.99916,
      "V_C1_dynamic": 0.98486,
      "V_C2": 0.99382,
      "V_dynamic": 0.97826,
      "V_static": 0.99298
    },
    "9": {
      "V_C1": 0.99916,
      "V_C1_dynamic": 0.98486,
      "V_C2": 0.99866,
      "V_dynamic": 0.98306,
      "V_static": 0.99782
    }
  }
}
