{
  "meta": {
    "generated_at": "2026-07-17T21:30:55.503183+00:00",
    "note": "Corrected model, perfect-monitoring baseline (q_detect pinned to 0).",
    "seed": 0
  },
  "metrics": {
    "prior": {
      "families": {},
      "n_samples": 200000,
      "name": "uniform_q0",
      "ranges": {
        "N": [
          2,
          10
        ],
        "beta_D": [
          0.05,
          1.0
        ],
        "beta_Omega": [
          0.05,
          0.3
        ],
        "beta_alpha": [
          0.3,
          0.9
        ],
        "beta_ell": [
          0.1,
          0.5
        ],
        "beta_kappa": [
          0.5,
          3.0
        ],
        "delta": [
          0.1,
          0.95
        ],
        "q_detect": [
          0.0,
          0.0
        ]
      },
      "seed": 0
    },
    "quantiles": {
      "c1_margin": {
        "mean": 1.8253042362070462,
        "q05": 0.5528378753450568,
        "q50": 1.8244120903817604,
        "q95": 3.095861023597837,
        "std": 0.793213486633011
      },
      "c2_margin": {
        "mean": 0.14469508010854124,
        "q05": 0.025076051021834623,
        "q50": 0.14473803810110175,
        "q95": 0.2665469366959357,
        "std": 0.07802312576317262
      },
      "delta_margin": {
        "mean": 0.48252074321457444,
        "q05": 0.09887061327910865,
        "q50": 0.48235553013216365,
        "q95": 0.8854449029364828,
        "std": 0.25540666238105014
      },
      "s_dynamic": {
        "mean": 0.13623055476241014,
        "q05": 0.012837868130370246,
        "q50": 0.13438822178968557,
        "q95": 0.2647654625458867,
        "std": 0.08071929625375555
      },
      "s_static": {
        "mean": 0.14414616745783881,
        "q05": 0.024348406508015872,
        "q50": 0.14407548578588375,
        "q95": 0.266310507433043,
        "std": 0.07818018622759212
      }
    },
    "volume": {
      "V_C1": 0.999055,
      "V_C1_dynamic": 0.98475,
      "V_C2": 0.977815,
      "V_cross": 0.962905,
      "V_dynamic": 0.963495,
      "V_immediate": 0.97781,
      "V_myopic": 0.97689,
      "V_static": 0.97689
    }
  },
  "volume_by_N": {
    "10": {
      "V_C1": 0.99916,
      "V_C1_dynamic": 0.98486,
      "V_C2": 1.0,
      "V_cross": 0.9844,
      "V_dynamic": 0.98486,
      "V_immediate": 0.99998,
      "V_myopic": 0.99916,
      "V_static": 0.99916
    },
    "2": {
      "V_C1": 0.99916,
      "V_C1_dynamic": 0.98486,
      "V_C2": 0.87766,
      "V_cross": 0.86648,
      "V_dynamic": 0.86694,
      "V_immediate": 0.87764,
      "V_myopic": 0.87692,
      "V_static": 0.87692
    },
    "3": {
      "V_C1": 0.99916,
      "V_C1_dynamic": 0.98486,
      "V_C2": 0.9519,
      "V_cross": 0.93804,
      "V_dynamic": 0.9385,
      "V_immediate": 0.95188,
      "V_myopic": 0.95112,
      "V_static": 0.95112
    },
    "4": {
      "V_C1": 0.99916,
      "V_C1_dynamic": 0.98486,
      "V_C2": 0.98012,
      "V_cross": 0.96552,
      "V_dynamic": 0.96598,
      "V_immediate": 0.9801,
      "V_myopic": 0.9793,
      "V_static": 0.9793
    },
    "5": {
      "V_C1": 0.99916,
      "V_C1_dynamic": 0.98486,
      "V_C2": 0.99252,
      "V_cross": 0.9774,
      "V_dynamic": 0.97786,
      "V_immediate": 0.9925,
      "V_myopic": 0.9917,
      "V_static": 0.9917
    },
    "6": {
      "V_C1": 0.99916,
      "V_C1_dynamic": 0.98486,
      "V_C2": 0.99768,
      "V_cross": 0.9823,
      "V_dynamic": 0.98276,
      "V_immediate": 0.99766,
      "V_myopic": 0.99686,
      "V_static": 0.99686
    },
    "7": {
      "V_C1": 0.99916,
      "V_C1_dynamic": 0.98486,
      "V_C2": 0.99942,
      "V_cross": 0.98386,
      "V_dynamic": 0.98432,
      "V_immediate": 0.9994,
      "V_myopic": 0.99858,
      "V_static": 0.99858
    },
    "8": {
      "V_C1": 0.99916,
      "V_C1_dynamic": 0.98486,
      "V_C2": 0.99996,
      "V_cross": 0.98436,
      "V_dynamic": 0.98482,
      "V_immediate": 0.99994,
      "V_myopic": 0.99912,
      "V_static": 0.99912
    },
    "9": {
      "V_C1": 0.99916,
      "V_C1_dynamic": 0.98486,
      "V_C2": 1.0,
      "V_cross": 0.9844,
      "V_dynamic": 0.98486,
      "V_immediate": 0.99998,
      "V_myopic": 0.99916,
      "V_static": 0.99916
    }
  }
}
